from,into
Rs28929491,Rs121912974
Rs28931587,Rs1800559
Rs28934890,Rs111033557
Rs28933094,Rs113298164
Rs121908878,Rs121908873
Rs34857375,Rs1799762
Rs28933085,Rs121913147
Rs111033562,Rs241448
Rs104893926,Rs75660264
Rs28932768,Rs121909718
Rs28936394,Rs121912581
Rs121918471,Rs80338836
Rs121912460,Rs121912437
Rs72578597,Rs1799762
Rs28939090,Rs3135506
Rs121913110,Rs77722678
Rs71746744,Rs10628678
Rs121964859,Rs45578238
Rs28934896,Rs121917789
Rs2097603,Rs2075507
Rs121909279,Rs116840782
Rs28933992,Rs104893779
Rs17407754,Rs1021737
Rs28357680,Rs527236042
Rs28933983,Rs121918099
Rs569107562,Rs398122988
Rs28929486,Rs121917872
Rs121909827,Rs33994623
Rs28930977,Rs121917808
Rs121909808,Rs33991059
Rs8192284,Rs2228145
Rs886045026,Rs772372530
Rs28933097,Rs121913579
Rs28939699,Rs121434430
Rs121912961,Rs63750781
Rs121909814,Rs33914359
Rs121909830,Rs33949930
Rs28932774,Rs104894370
Rs28933980,Rs76992529
Rs28933083,Rs121913136
Rs17651,Rs1921
Rs28934871,Rs104894724
Rs28933096,Rs121913574
Rs121912692,Rs121912691
Rs377767337,Rs377767336
Rs28940312,Rs137852778
Rs4646904,Rs1805042
Rs121912803,Rs80356696
Rs28940311,Rs137852776
Rs28934269,Rs104894502
Rs121918533,Rs36119840
Rs121912962,Rs63751247
Rs28936412,Rs121909182
Rs55731057,Rs5743614 (page does not exist)
Rs28399497,Rs2279343
Rs28939083,Rs696217
Rs3741981,Rs1131454
Rs17876142,Rs12026
Rs794726687,Rs528069912
Rs9270305,Rs707953
Rs28939690,Rs121909058
Rs28933982,Rs121918092
Rs28939369,Rs79833450
Rs28399984,Rs1802127
Rs587776439,Rs200911567
Rs111033587,Rs35315638
Rs121909313,Rs121908214
Rs28932775,Rs121913669
Rs794729053,Rs782091454
Rs35600288,Rs3064744
Rs397507451,Rs386829069
Rs11852361,Rs2227935
Rs121912957,Rs63751109
Rs28935185,Rs137852297
Rs17856511,Rs12021720
Rs28573847,Rs527236045
Rs121909314,Rs121908215
Rs193929339,Rs80356613
Rs6954345,Rs7493
Rs141984805,Rs80193608 (page does not exist)
Rs8111085,Rs2228612
Rs193922554,Rs34282684
Rs28940303,Rs104894540
Rs121909310,Rs121908211
Rs28940584,Rs104893980
Rs121908964,Rs121908963
Rs28357973,Rs9629042
Rs121918535,Rs104893891
Rs121913107,Rs77722678
Rs4987310,Rs2229569
Rs104894744,Rs28936077
Rs16930129,Rs11545664
Rs17846179,Rs1805127
Rs121918534,Rs76466003
Rs104893929,Rs77804083
Rs17334242,Rs1042713
Rs28934268,Rs104894722
Rs797044831,Rs797044819
Rs165688,Rs4680
Rs121909820,Rs33918338
Rs8176750,Rs56392308
Rs28939689,Rs75654767
Rs121908852,Rs117385606
Rs606231140,Rs61754368
Rs754525165,Rs786203945
Rs886039426,Rs587778515
Rs199422132,Rs199422131
Rs28937310,Rs199422229
Rs398123534,Rs409652
Rs28939705,Rs121908888
Rs199422218,Rs63751392
Rs121909818,Rs33969677
Rs121909826,Rs33930385
Rs28934895,Rs79761867
Rs7533552,Rs2228564
Rs28933986,Rs121918143
Rs121912956,Rs63750198
Rs121909823,Rs33982568
Rs121909806,Rs33925391
Rs28929472,Rs121912714
Rs4378650,Rs4065275
Rs724159987,Rs199470469
Rs28939694,Rs121908982
Rs121913097,Rs75790268
Rs121909278,Rs116840778
Rs7285064,Rs1801117
Rs28936372,Rs80356787
Rs28933969,Rs121913506
Rs121908933,Rs121908932
Rs28587567,Rs2066715
Rs28939380,Rs121912619
Rs6492654,Rs1116260
Rs386833548,Rs121964975
Rs1801105,Rs11558538
Rs794729032,Rs782392706
Rs397515515,Rs439898
Rs28936972,Rs137852645
Rs121909811,Rs33985847
Rs45593941,Rs28365085
Rs587782488,Rs587780154
Rs1154588,Rs295978
Rs7422339,Rs1047891
Rs121909213,Rs121909211
Rs111033584,Rs33956555
Rs386576623,Rs28934877
Rs121912804,Rs80356690
Rs3177980,Rs1131498
Rs28934870,Rs104894730
Rs34817315,Rs9270303 (page does not exist)
Rs28933073,Rs121918417
Rs9277346,Rs1126511
Rs111033600,Rs34956202
Rs55641856,Rs9785847
Rs17211036,Rs1136742
Rs17847133,Rs4684677
Rs28939384,Rs104894484
Rs41269979,Rs2858876
Rs193929338,Rs80356613
Rs199476114,Rs193302933
Rs28933101,Rs121913668
Rs1982073,Rs1800470
Rs569808959,Rs80338720
Rs112594756,Rs60388563
Rs11543848,Rs2227983
Rs28928888,Rs111033603
Rs121909809,Rs33925391
Rs12937241,Rs1126821
Rs6519457,Rs28940585
Rs28934005,Rs121918642
Rs28939091,Rs111033258
Rs111033583,Rs33974936
Rs151344502,Rs111647200
Rs28935180,Rs104894896
Rs121912802,Rs80356694
Rs28940305,Rs104894542
Rs121909825,Rs35553496
Rs2274756,Rs17577
Rs121912808,Rs80356706
Rs28933084,Rs121913139
Rs2854122,Rs267606893
Rs28929492,Rs121912986
Rs28929494,Rs137854449
Rs121909290,Rs121909284
Rs35104847,Rs5989620
Rs11542313,Rs769404
Rs17880624,Rs7294
Rs121909817,Rs33972975
Rs121907890,Rs104895093
Rs6195,Rs56149945
Rs28936392,Rs121912578
Rs28932777,Rs121913671
Rs7031748,Rs2853579
Rs17241090,Rs1801282
Rs28929487,Rs121917873
Rs121909815,Rs33949930
Rs28939700,Rs121908958
Rs28936078,Rs104894745
Rs16932941,Rs5442
Rs28936074,Rs104894743
Rs121909316,Rs121908216
Rs121913592,Rs121913585
Rs45477792,Rs17221812
Rs121909831,Rs33974277
Rs137852984,Rs28903098
Rs121912959,Rs63750206
Rs121909824,Rs33925391
Rs104893982,Rs28940583
Rs3729960,Rs2228044
Rs72558184,Rs72552267
Rs121909096,Rs121909095
Rs17855902,Rs16891982
Rs193922371,Rs63750245
Rs4297265,Rs2228420
Rs201786064,Rs111200466
Rs111033610,Rs28399447
Rs587780473,Rs587780470
Rs3136820,Rs1130409
Rs28936413,Rs104893622
Rs17856968,Rs1229984
Rs28934004,Rs121918641
Rs3790419,Rs1805134
Rs28936384,Rs104893869
Rs121912809,Rs80356699
Rs121909203,Rs76157638
Rs28937311,Rs104894861
Rs17781557,Rs1143646
Rs1799725,Rs4880
Rs121909805,Rs33918338
Rs786205877,Rs10262966
Rs17858963,Rs1736557
Rs121909812,Rs33969677
Rs28933086,Rs121913156
Rs527236165,Rs386419981
Rs281875379,Rs587776762
Rs17859515,Rs1058396
Rs353016,Rs352054
Rs28936068,Rs151340631
Rs111033586,Rs1061234
Rs28933099,Rs104894369
Rs17876088,Rs12704795
Rs28939368,Rs121908516
Rs193922369,Rs63751221
Rs78611306,Rs141733599
Rs121912941,Rs117725825
Rs137854225,Rs137854218
Rs17886084,Rs1799750
Rs28939376,Rs121908417
Rs28939691,Rs121909060
Rs587784441,Rs587784440
Rs3818569,Rs1128977
Rs121913607,Rs121913595
Rs28939678,Rs121434455
Rs28939095,Rs121908111
Rs28940304,Rs104894541
Rs121909276,Rs116840789
Rs28933994,Rs104893773
Rs17857727,Rs1800858
Rs28934885,Rs72555390
Rs2664538,Rs17576
Rs199422140,Rs199422139
Rs150084361,Rs386834233
Rs17849308,Rs4680
Rs3021097,Rs1800871
Rs4252338,Rs3917188 (page does not exist)
Rs34131035,Rs863931
Rs111033561,Rs241447
Rs6701253,Rs2228349
Rs8179183,Rs1805094
Rs786203081,Rs587782286
Rs606231200,Rs267606756
Rs121434320,Rs28929484
Rs28720239,Rs28362491
Rs121909333,Rs121909329
Rs10551063,Rs3037354 (page does not exist)
Rs28936390,Rs121912559
Rs121912963,Rs28930073
Rs28936414,Rs79204362
Rs28934272,Rs121918166
Rs1059060,Rs17420802
Rs45438698,Rs12720445
Rs12918952,Rs11545029
Rs17515604,Rs1799945
Rs121909821,Rs33930385
Rs4986841,Rs2228455
Rs121913108,Rs80053154
Rs724159981,Rs80358233
Rs878853136,Rs587777077
Rs121909311,Rs121908212
Rs137852703,Rs28936380
Rs137853286,Rs137853281
Rs121912964,Rs63750691
Rs28939708,Rs121908674
Rs56575139,Rs2270641
Rs606231345,Rs199769221
Rs180177169,Rs180177168
Rs121909829,Rs33996892
Rs869312804,Rs730882048
Rs2228005,Rs1805319
Rs4149313,Rs2066714
Rs10479002,Rs12777
Rs121909819,Rs34948328
Rs121912740,Rs75731670
Rs5743293,Rs2066847
Rs118203930,Rs72555393
Rs2298668,Rs2229437
Rs11150843,Rs1042395
Rs121913635,Rs121913624
Rs11855019,Rs4778138
Rs3810710,Rs2229137
Rs10278590,Rs4721
Rs121909813,Rs33933298
Rs28934869,Rs104893809
Rs121912806,Rs80356702
Rs9282861,Rs1042028 (page does not exist)
Rs121909064,Rs121909061
Rs746514660,Rs587777589
Rs111033585,Rs34703513
Rs28942069,Rs104894108
Rs761250416,Rs797045116
Rs10478694,Rs1800997
Rs28932776,Rs121913670
Rs28936373,Rs80356790
Rs121912960,Rs63751612
Rs121909816,Rs33946157
Rs78640361,Rs223320
Rs111033599,Rs33985574
Rs121912800,Rs80356700
Rs45614732,Rs12721629
Rs28929475,Rs1802959
Rs12722877,Rs2228567
Rs77914057,Rs111033565
Rs1799774,Rs397832689 (page does not exist)
Rs121909807,Rs33946157
Rs28357372,Rs527236210
Rs28617642,Rs527236195
Rs121912481,Rs80356680
Rs121912929,Rs121912914
Rs28935183,Rs121434618
Rs28935184,Rs111033626
Rs267607551,Rs267607540
Rs28935199,Rs104894916
Rs16859834,Rs2229940
Rs17181017,Rs1799971
Rs121912747,Rs121912745
Rs28934270,Rs104894503
Rs28929493,Rs137854448
Rs8192282,Rs2228144
Rs111033607,Rs34817956
Rs121909559,Rs121909548
Rs28936076,Rs104894741
Rs121909312,Rs121908213
Rs28939375,Rs121908416
Rs28934901,Rs121965068
Rs28930971,Rs121908735
Rs111033540,Rs28934877
Rs28929490,Rs104894512
Rs2797415,Rs1599971
Rs121912958,Rs63751615
Rs121909670,Rs121909668
Rs28930075,Rs121913004
Rs121909556,Rs121909549
Rs28405897,Rs9326618
Rs17610395,Rs2229738
Rs17782312,Rs4738119
Rs397515532,Rs267606756
Rs28930973,Rs121908729
Rs121912480,Rs80356682
Rs121909277,Rs116840773
Rs121909828,Rs33958088
Rs796064506,Rs794728001
Rs28934902,Rs111033564
Rs57081121,Rs4986893
Rs28934888,Rs1800730
Rs17879735,Rs7975232
Rs28939698,Rs104894212
Rs29001567,Rs29001566
Rs1234,Rs1067 (page does not exist)
Rs111033582,Rs33978082
Rs121912764,Rs609320
Rs28939374,Rs121908415
Rs35095275,Rs421016
Rs947894,Rs1695
Rs193929343,Rs80356618
Rs28936391,Rs121912560
Rs6497268,Rs4778241
Rs34815109,Rs3064744
Rs2228325,Rs1815739
Rs104893928,Rs75030631
Rs121909317,Rs121908233
Rs121913149,Rs121913144
Rs12329790,Rs5742905
Rs113686495,Rs59308963
Rs104893997,Rs1800454
Rs28932778,Rs121913673
Rs28936386,Rs104893871
Rs587776443,Rs369202065
Rs606231368,Rs80356488
Rs121909810,Rs33969400
Rs606231215,Rs34224604
Rs17847042,Rs1057910
Rs28933995,Rs104893782
Rs1052559,Rs13181
Rs397515504,Rs193302927
Rs192818565,Rs62056842
Rs28940299,Rs104893829
Rs28939706,Rs80356513
Rs199422145,Rs199422144
Rs2725362,Rs1801195
Rs28499516,Rs2298007
Rs864309732,Rs796051993
Rs554375713,Rs587776842
Rs28933071,Rs121909719
Rs180177310,Rs180177309
Rs104894224,Rs34474104
Rs116840800,Rs199476331
Rs80356816,Rs61126080
Rs193929349,Rs80356624
Rs869312904,Rs398122884
Rs111741722,Rs1976391 (page does not exist)
Rs28936389,Rs121909384
Rs121909804,Rs33916541
Rs121913102,Rs121913101
Rs66785830,Rs66785829
Rs121909315,Rs121908218
Rs797045299,Rs587776869
Rs587776876,Rs199422263
Rs28491442,Rs9783095
Rs121913591,Rs121913589
Rs28933987,Rs199469476
Rs6557634,Rs17620
Rs28934275,Rs121964969
Rs8175347,Rs3064744
Rs104893925,Rs76871093
Rs17241062,Rs12713559
Rs193929336,Rs80356611
Rs2854121,Rs193302933
Rs786205075,Rs767004810
Rs587784344,Rs587784343
Rs28936393,Rs121912580
Rs121912966,Rs63749939
Rs28930970,Rs121908714
Rs35289490,Rs1141718
Rs281865525,Rs61754361
Rs121909532,Rs121909522
Rs869312166,Rs774454456
Rs1800422,Rs1126809
Rs17878363,Rs9923231
Rs11575945,Rs1131239
Rs121909381,Rs121909380
Rs28931571,Rs11558261
Rs786200886,Rs281865175
Rs17886369,Rs8050894
Rs28936075,Rs111033612
Rs28930972,Rs121908728
Rs11535853,Rs2076740
Rs121909553,Rs121909547
Rs8734,Rs52812045
Rs59514310,Rs1801133
Rs3088309,Rs527236209
Rs1784195,Rs1147071
Rs28934879,Rs121964895
Rs10735810,Rs2228570
Rs786205629,Rs730882202
Rs2607474,Rs1838720
Rs786205360,Rs377272752
Rs28930978,Rs121909548
Rs28933072,Rs121918409
Rs28939096,Rs104893654
